id,query,ground_truth,expect_key_words,description
0,903-419-8722,"The phone number ""903-419-8722"" is associated with an entry in Pottsboro, TX. The exact details linked to this number may vary based on the source of information and user reports. If you are receiving calls from this number and are concerned about spam or scams, you can utilize services like Robokiller to block such calls. Robokiller is aimed at preventing unwanted calls and text scams, offering protection to users who may be targeted by such activities. The user reports associated with this number are currently at zero, indicating that there haven't been any spam or scam reports related to it. If you have specific concerns about this number or if you have experienced any issues with calls from it, you can check further details or report it to services like Robokiller for analysis and potential blocking.",Pottsboro||Robokiller,
1,tools that ikea use in manufacturing goods,"The tools and technologies IKEA uses to manufacture its goods include:
IKEA has also made advances in warehouse automation, driving growth rates and entering the Industry 4.0 era by integrating manufacturing and logistics through technology. The IKEA Furniture Group relies on ultra-modern automated systems to produce furniture components.
Electronic Wheel (e-Wheel): IKEA analyzes the four phases of a product's life cycle, including resource extraction, production, use and recycling/disposal.
Generative AI (Generative AI): IKEA has partnered with ADP to launch a generative AI tool for production, demonstrating that IKEA also employs advanced technologies to optimize operations in its manufacturing processes.
Large-scale mechanical mass production model: In the production process of IKEA's home furnishing products, a large-scale mechanical mass production model is used, which can effectively reduce labor requirements.
Automated storage system: IKEA has introduced a new warehouse automation system at its Covina store that significantly improves the speed of order fulfillment and ensures that customers receive their products faster, whether they order in-store or online.
Artificial Intelligence (AI) for smarter demand forecasting: IKEA has developed an advanced tool that uses artificial intelligence to significantly improve the accuracy of its demand forecasts.
Hand tools and power tools: IKEA also offers a range of hand tools and power tools for consumers to assemble IKEA furniture or realize their own projects.",e-Wheel&&Generative AI,
