metadata,question,answer,ground_truths,keywords,passed
{},ycloud - что это?,"YCloud是一个官方授权的WhatsApp Business解决方案提供商，同时也是大中华区的战略合作伙伴。YCloud提供的服务包括但不限于设置WhatsApp验证码的有效期、新版Inbox的上线、支持条件分支和转接人工组件的YCloud Bot以及发送商品消息的功能。此外，YCloud还提供了一个全面的WhatsApp商业解决方案，使企业能够进行市场营销、加速销售并提供卓越的客户支持。作为一站式商业软件服务商，YCloud提供WhatsApp API接入服务，助力全球企业业务增长。通过整合WhatsApp Business API的能力，YCloud开发出了客服坐席Inbox平台，使得一个账号可以服务成千上万的客户。YCloud专注于中国品牌海外推广，是Meta官方代理商之一。总的来说，YCloud是一个致力于通过深度整合WhatsApp来帮助业务增长的领先WhatsApp商业服务提供商。
","['YCloud - это набор открытых компонентов пользовательского интерфейса, разработанный компанией Yonyou FED на основе knockoutjs, который в основном предназначен для предприятий и веб-приложений на ПК. YCloud также является ведущим поставщиком услуг WhatsApp Business, который стремится помогать предприятиям развивать свой бизнес через WhatsApp - одно из самых популярных в мире приложений для общения.']","['WhatsApp', 'knockoutjs']",False
{},"""Telegram"" - это российская компания?","Telegram是由俄罗斯企业家帕维尔·杜罗夫和尼古拉·杜罗夫共同创立的。尽管Telegram的创始人是俄罗斯人，但Telegram公司并不位于俄罗斯境内。Telegram的开发团队目前位于阿拉伯联合酋长国的迪拜，而Telegram移动应用程序的发行者是Telegram FZ-LLC，这是一个在阿拉伯联合酋长国注册的组织。此外，Telegram的母公司（Telegram Group Inc.）的法定地址位于英属维尔京群岛。
虽然Telegram的创始人和早期发展与俄罗斯紧密相关，但公司的运营总部和法律实体注册地均不在俄罗斯。因此，虽然Telegram的起源与俄罗斯有关，但它本身并不是一家俄罗斯公司。相反，它的运营和法律地位主要与阿拉伯联合酋长国和英属维尔京群岛相关联。
","['Telegram был основан братьями Николаем и Павлом Дуровыми в 2013 году. Они являются основателями крупнейшей российской социальной сети VKontakte. Однако компания Telegram не расположена на территории России. В настоящее время команда разработчиков Telegram находится в Дубае, Объединенные Арабские Эмираты. Издателем мобильного приложения Telegram является Telegram FZ-LLC, зарегистрированная организация в Объединенных Арабских Эмиратах. Таким образом, хотя основатели являются россиянами, Telegram не является российской компанией.']",['Дубае||не является'],False
{},紫金的銷售收入,"紫金矿业在2024年第一季度的营业收入为747.77亿元人民币。这一数据表明，尽管与去年同期相比略有下降（同比下降0.22%），但公司的销售收入仍然保持在一个较高的水平。此外，从更广泛的时间范围来看，紫金矿业在2023年的营业收入约为2934亿元人民币，这进一步证实了公司在过去一年中销售业绩的增长趋势。
需要注意的是，虽然我搜索到的资料提供了关于紫金矿业销售收入的具体数字，但它们主要集中在公司的年度和季度报告上。没有直接提及到特定产品的销售收入，除了提到黄金业务销售收入占报告期内营业收入的42.09%，以及铜业务销售收入占营业总收入的25.21%。这些比例有助于理解公司收入构成的一部分，但不足以提供全面的销售收入细节。
紫金矿业在2024年第一季度实现了747.77亿元人民币的营业收入，而在2023年全年的营业收入达到了2934亿元人民币。这些数据显示了公司在相应时间段内的销售业绩。然而，对于更详细的销售产品类别或特定产品的销售收入，我搜索到的资料并未给出具体信息。
",['紫金礦業2023年的營業收入約為2934.03億元，同比增長8.54%。'],['2934'],True
{},"Vyro AI - это компания, разрабатывающая искусственный интеллект и инновационные технологии.","Vyro AI是一家专注于开发先进人工智能技术和解决方案的公司。Vyro AI利用尖端的生成式AI技术来转化可能性为现实。这表明该公司在人工智能领域具有创新能力和技术实力。
这些因素通常与一个技术创新且运营良好的公司相关联。
Vyro AI确实是一家致力于开发人工智能和创新技术的公司，其业务范围涵盖了从基础研究到实际应用的多个方面。
","['Vyro AI - это компания, специализирующаяся на разработке инструментов для творчества на основе искусственного интеллекта и машинного обучения. Согласно информации на их официальном сайте:\n\nVyro разработала более 15 продуктов с общим количеством загрузок более 150 миллионов раз и ежедневной активностью более 800 тысяч пользователей.\nОсновные продукты компании включают AI генератор изображений Imagine, редактор фотографий на основе искусственного интеллекта PhotoShot и т. д.\nКоманда Vyro специализируется на применении передовых технологий генерации AI и стремится предоставлять пользователям инновационные инструменты для творчества.\nКомпания была основана в Пакистане и является многообразной и инновационной технологической компанией на местном рынке.\n\nТаким образом, Vyro AI - это технологическая компания, специализирующаяся на разработке творческих инструментов на основе генеративного искусственного интеллекта, с сильной технической базой и линейкой продуктов в области контентного творчества.']","['Искусственный интеллект', 'изображений']",False
{},Какие еще компании поддерживает основатель Perplexity?,"Perplexity AI的创始人除了支持自己的公司外，还得到了多位知名人士和公司的支持。具体来说，除了英伟达和贝索斯之外，还有Databricks、NEA、BVP参与了投资。此外，知名投资人Elad Gil也参与了投资。在另一轮融资中，亿万富翁Stanley Druckenmiller、Y Combinator首席执行官Garry Tan和Figma Inc.首席执行官Dylan Field也加入了投资行列。此外，Perplexity AI还与日本软银（SoftBank Corp.）、德国电信（Deutsche Telekom）建立了新的合作伙伴关系，并且之前宣布与韩国最大移动电话服务商鲜京电信（SK Telecom）创建合作伙伴关系。这些信息表明，Perplexity AI不仅获得了来自技术领域和风险投资界的资金支持，还与多家大型企业建立了合作关系，共同推动AI搜索技术的发展和应用。
","['Аравинд Сринивас инвестировал в компании Eleven Labs и Pika. Он полюбил эти компании за то, что они делают, и его личная мотивация для инвестиций не связана с финансовой отдачей, а скорее с его увлечением тем, что они делают.']",['Eleven Labs||Pika'],False
{},虎门大桥过路费多少钱？,"虎门大桥的过路费为单程40元。这一信息在多个来源中得到了一致的确认，表明了其准确性。需要注意的是，虽然有关虎门二桥（南沙大桥）的信息也提到了收费标准，但这与虎门大桥是两个不同的桥梁，因此在回答这个问题时应当区分清楚。虎门二桥的标准车型走完全程收费为42元，这与虎门大桥的收费标准不同。
",['虎门大桥的过路费为每车次收费40元'],['40'],True
{},How did Musk earn the first bucket of gold in his life?,"埃隆·马斯克在他的生活中赚取的第一桶金来自于他与彼得·蒂尔共同创立的PayPal。具体来说，eBay以15亿美元的价格收购了PayPal，而马斯克从中获得了1.这笔钱为他后续创立特斯拉和SpaceX等公司提供了资金支持。因此，可以确定马斯克的第一桶金是通过出售他在PayPal中的股份获得的。
","['Elon Musk earned his first significant fortune from the sale of his web software company, Zip2. Musk and his brother Kimbal founded Zip2 in 1995. The company, which provided an online city guide platform, was quite successful and was purchased by Compaq in 1999 for more than $300 million. From this sale, Musk received around $22 million for his 7% share']",['Zip2'],False
{},iask.ai 2024年3月的訪問量,"iask.ai在2024年3月的訪問量為3.3百萬。
",['iAsk.Ai的2024年3月訪問量為3.3百萬。'],['3.3||3.4'],True
{},Monica.im в 2023 году имеет сколько пользователей?,"Monica.im 在 2023 年已有超过 150 万用户。
","['В 2023 году у Monica.im уже более 1,5 миллионов пользователей.']",['150'],True
{},What will Trump do to China if he takes office again?,"如果特朗普再次当选，他可能会对中国采取更加强硬的贸易政策。这表明他计划继续实施在他第一任期内开始的对抗性贸易政策。
然而，也有观点认为，特朗普可能需要与中国达成某种协议以支持他的连任竞选。这可能意味着，在采取极端措施之前，他会寻求通过谈判来解决一些关键问题。总结来说，如果特朗普再次当选，他很可能继续推进对中国商品的高关税政策，并可能在某些情况下寻求通过谈判来调整这些措施，但总体上可能会保持对中国的强硬态度。
","[""If Trump takes office again, his stance on China is expected to remain tough and potentially escalate. During his previous term, Trump initiated a trade war with China by imposing significant tariffs on Chinese imports. He has indicated that if reelected, he plans to intensify this trade war by imposing tariffs as high as 60% or more on Chinese imports\nThis move is part of his strategy to address what he perceives as unfair trade practices by China and to protect American industries and jobs from what he views as Chinese economic threats\nFurthermore, Trump's combative approach towards China extends beyond trade policies. He has expressed intentions to phase out Chinese imports of essential goods over a four-year period, including electronics, steel, and pharmaceuticals. Additionally, Trump aims to ban Chinese companies from owning critical U.S. infrastructure in sectors such as energy, technology, and agriculture, highlighting national security concerns underpinning his China policy\nOverall, Trump's stance towards China is expected to prioritize protecting American economic interests and maintaining a competitive edge in key industries. If reelected, he is likely to continue employing tariffs and trade restrictions to address what he sees as imbalances in the economic relationship between the U.S. and China.""]",['60%'],False
{},Microsoft 2021 first quarter Financial report,"微软在2021年第一季度的财务报告中，报告了372亿美元的收入和139亿美元的净利润。这一季度的收入比去年同期增长了12%，而净利润也有所增加。具体到每股收益，调整后的为1.82美元，超出了分析师预期的1.54美元。此外，微软的Office 365商业版用户数量也在增加，从第三季度的2.58亿付费座位增加到第一季度的1.这些成绩反映了微软在云计算、个人计算设备以及办公软件服务等领域的强劲竞争力和市场领导地位。
","[""Microsoft reported strong financial results for the first quarter of its 2021 fiscal year. The company beat analysts' expectations on both earnings and revenue.\nKey highlights:\nAdjusted earnings per share (EPS) was $1.82, compared to the expected $1.55.\nRevenue grew 12% year-over-year to $37.2 billion, exceeding the expected $35.7 billion.\nMicrosoft's Intelligent Cloud segment, which includes the Azure cloud computing platform, saw revenue grow 20% year-over-year, also beating expectations.\nAzure revenue grew 48% year-over-year, driving the strong performance of the Intelligent Cloud segment.\nOther areas like Surface devices, Xbox gaming, and Microsoft 365 consumer subscriptions also saw significant revenue growth during the quarter.""]",['37.2'],False
{},What is Toyota's biggest risk in the future?,"丰田汽车公司面临的最大风险在未来可能包括多个方面。首先，全球性的自然灾害、政治和经济不稳定、燃料短缺或社会基础设施中断、战争、恐怖主义和劳工罢工等外部因素都可能对丰田造成不利影响。此外，丰田在应对COVID-19大流行期间供应链中断的问题上已经显示出其生产系统的脆弱性。
从环境挑战的角度来看，丰田设定了到2050年实现所有新车零二氧化碳排放的目标。这一挑战不仅涉及到新技术的研发和应用，还包括整个生命周期的环境影响管理。这表明，如果丰田不能有效应对这些挑战，可能会面临来自环保法规的压力以及公众对其环境责任的质疑。
丰田还面临着市场竞争的风险。全球汽车市场的竞争非常激烈，丰田需要不断创新和改进其产品和服务以保持竞争力。此外，丰田还需要关注其供应链管理策略。这种供应链的调整可能会带来新的风险，如库存过剩或供应中断。
丰田在未来面临的主要风险包括：1) 全球性外部风险的影响；2) 环境挑战的应对不足；3) 市场竞争的压力；4) 供应链管理策略的调整及其带来的新风险。这些风险都需要丰田采取有效的风险管理措施来减轻其潜在的负面影响。
","[""Toyota's biggest risk in the future is the consumer adoption of battery electric vehicles (BEVs)""]",['BEVs'],False
{},"What will the world auto industry look like in the future, Musk said?","根据埃隆·马斯克的观点，未来的世界汽车行业将主要由以下几个方面构成：


电动汽车的普及：马斯克预测特斯拉将在2025年开始生产更经济实惠的电动车型号。这表明电动汽车将继续成为汽车行业的主流，尤其是在价格更加亲民的市场段。


自动驾驶技术的发展：马斯克曾表示，特斯拉计划在“今年晚些时候”实现完全自动驾驶功能。此外，他还强调软件将在塑造汽车行业未来中扮演关键角色。


智能化和网络化：随着汽车行业的数字化转型，车辆将变得更加智能和互联。这包括使用增强现实（AR）、虚拟现实（VR）和混合现实（MR）技术来改善用户体验。


共享经济的影响：未来的汽车不仅仅是个人拥有的交通工具，而是可以按需共享的移动服务。这种趋势已经在多个报告中被提及，预示着汽车将更多地被视为服务而非商品。


中国市场的竞争：马斯克认为中国的汽车制造商在软件开发方面与特斯拉具有竞争力。这表明未来汽车行业的竞争格局可能会因为技术优势而发生变化。


可持续性和环境责任：随着全球对环境保护意识的增强，汽车行业也将面临更多的ESG（环境、社会和治理）压力，推动企业采取更加可持续的生产和运营模式。


总结来说，未来的世界汽车行业将是电动化、智能化、网络化和共享化的综合体现，同时也会受到全球化竞争格局和技术进步的深刻影响。
","['Elon Musk warned that Chinese automakers will ""demolish"" their global competition unless other nations impose trade barriers to handicap the new wave of electric cars coming from China\nMusk described Chinese brands like BYD as ""extremely good"" and the ""most competitive"" in the world\nMusk stated that if there are no trade barriers established, Chinese automakers will ""pretty much demolish most other car companies in the world""\nHe believes the Chinese auto industry has a high chance of achieving global domination\nThe search results also indicate that China overtook Japan as the world\'s biggest exporter of cars during 2023 and seems likely to repeat that success in 2024 as it starts to expand its sales activities into Europe\nThis suggests the Chinese auto industry will continue to grow its global market share in the future.\nTo counter this threat, Musk said Tesla is working on a new entry-level model that will use a new platform to slash production costs, allowing it to be sold for less than $30,000\nThis suggests Tesla is trying to make its EVs more affordable to better compete with Chinese automakers.']",['BYD||China'],False
{},Why is Boeing getting worse and worse?,"波音公司之所以越来越糟糕，主要原因可以从以下几个方面进行分析：


董事会治理失败：波音公司的董事会在处理飞机安全问题上存在根本性的失败，特别是在2018年狮航坠机事件之后。此外，波音的董事会还因未能履行其对股东的监督职责而支付了巨额罚款。


财务状况恶化：波音公司在2024年第一季度报告了收入下降和亏损增加的情况。具体来说，第一季度的收入为166亿美元，每股GAAP亏损为0.56美元，核心每股亏损（非GAAP）为1.13美元。这表明公司的财务状况正在恶化。


声誉受损：波音公司的声誉受到了严重影响。根据调查，从2023年12月到2024年1月，美国成年人对波音的信任度下降了12个百分点。这种信任度的下降直接影响了公司的市场表现和客户关系。


质量问题频发：波音面临多起质量问题，包括737 MAX系列飞机的安全事故和质量控制问题。这些问题不仅导致了重大的安全事故，还严重影响了公司的生产和交付能力。


5.这种高层管理的不稳定可能进一步影响公司的决策和运营效率。
波音公司之所以越来越糟糕，主要是由于董事会治理失败、财务状况恶化、声誉受损、质量问题频发以及管理层变动等多方面因素的影响。这些因素相互作用，共同导致了波音公司的持续下滑。
","[""Boeing's deteriorating situation is multifaceted and can be attributed to several factors that have contributed to its ongoing challenges. One significant issue lies in Boeing's financial struggles, which have worsened in recent years. The company's heavy focus on profits, coupled with the financial strain caused by the pandemic and the grounding of the 737 Max aircraft, has led to Boeing being in its worst financial shape in over a century, with several years of deep losses recorded\nAdditionally, the dependence on the Defense division to offset losses in the Commercial sector is becoming increasingly unsustainable due to constraints in the US defense budget, leaving Boeing with limited options for recovery in that area\nFurthermore, Boeing's internal culture and safety practices have also come under scrutiny. Reports suggest a lack of a safety culture within Boeing, with claims that employees who raise concerns are ignored, marginalized, threatened, or sidelined\nSuch issues can compromise the overall quality and safety standards of Boeing's aircraft, further eroding consumer trust and damaging the company's reputation.\nOn a more operational level, concerns have been raised about specific incidents, such as the recent recommendation by the FAA to visually inspect the mid-exit door plugs on Boeing 737-900ER aircraft, highlighting potential safety issues that need to be addressed\nThese incidents, in addition to the ongoing challenges faced by the company, contribute to the perception that Boeing's situation is worsening over time.""]",['quality'],False
{},日本百年的藥品製造商小林製藥的紅麴成分含有保健食品引發的「死亡」事件。,"日本百年药企小林制药的红麴成分保健品引发的「死亡」事件，根据我搜索到的资料，可以总结如下：


事件起因与影响：小林制药公司生产的含红麴成分的保健品导致了多起健康问题，包括肾脏疾病等。这些健康问题最终导致了至少5人死亡，另有大量消费者因相关症状住院治疗或希望就医。


死亡案例增加：最初报道中提到有消费者因连续3年服用该产品后因肾脏疾病死亡。随后，死亡人数逐渐增加，直至确认为5人死亡。


政府与公众反应：此事件引起了日本国内外的关注和担忧。日本政府和相关部门开始对市场上功能性标识食品进行紧急检查，并考虑采取一切必要措施以确保公众健康安全。同时，小林制药公司也对此事件进行了道歉，并启动了产品的召回程序。


国际影响：除了在日本国内造成的影响外，这一事件还引起了国际社会的关注。例如，中国已经启动了对该产品的召回，显示出事件的国际影响力。


5.此外，此事件也引发了对功能性食品市场安全性的广泛讨论和反思。
小林制药的红麴成分保健品引发的「死亡」事件不仅导致了多人死亡和健康受损，还引起了政府、公众以及国际社会的广泛关注和反应。此事件凸显了保健品市场监管的重要性，以及企业在生产过程中确保产品质量安全的责任。
","['食用了小林製藥製造銷售的含紅麴的保健食品的人發生了腎臟疾病，已確認有2人死亡。到目前為止，有106人住院。\n小林製藥的調查顯示，紅麴原料中可能含有""未知成分""，這些成分可能導致腎臟疾病。\n小林製藥的紅麴分為補充劑和食品著色劑兩種，""未知成分""只在部分補充劑批次中被檢測出來。\n紅麴一般被用作食品著色劑，但在作為補充劑使用時，需要注意毒素紅曲霉素的含量。\n小林製藥在這個問題上已開始自願回收相關的保健食品，厚生勞動省也在考慮採取應對措施。']","['2', '106']",False
{},"Если Евросоюз решит ""отцепиться"" от Китая, какое влияние это окажет на экономику Германии?","如果欧盟决定与中国经济“脱钩”，对德国经济的影响将是深远和复杂的。这种深度的经济依赖关系意味着，任何关于减少或终止与中国贸易的决策都可能对德国经济产生重大影响。
从正面来看，减少对中国的依赖可能会促进德国国内产业的发展和创新。此外，这可能有助于德国企业在全球市场上寻找新的合作伙伴和市场，从而分散风险并增强其竞争力。
然而，短期内，这种转变可能会给德国经济带来一定的压力。总之，如果欧盟决定与中国经济“脱钩”，这对德国经济既是挑战也是机遇。
","['Исследования показывают, что если Евросоюз откажется от связей с Китаем, экономический вывод Германии сократится на 1%. В краткосрочной перспективе экономический вывод Германии снизится примерно на 5%. Среднесрочно и долгосрочно процентное сокращение экономического процветания Германии составит около 1,5% в год.']",['1%||5%||1.5%'],False
{},虎ノ門ヒルズフォーラム,"虎ノ門ヒルズフォーラム是一个位于东京都港区虎ノ門1-23-3的设施，具体位于虎ノ門ヒルズ森タワー的5楼。该论坛提供了多种交通方式到达的路径，包括：

从东京地下铁日比谷线的「虎ノ門ヒルズ駅」出发，可以选择B1出口或A1b出口步行至会场。
从东京地下铁银座线的「虎ノ門駅」出发，可以选择B1出口或B4出口（需通过2楼的DECK）步行至会场。
3.此外，还有其他几个车站可以作为到达虎ノ門ヒルズフォーラム的参考点，例如新橋駅，但距离相对较远，需要步行约11分钟。

虎ノ門ヒルズフォーラム不仅是一个会议和论坛的举办地，还具备酒店式的服务和功能性设备，适合举办商品发布、研讨会、学会总会议以及学术会议等活动。它被设计为一个具有功能性大厅和会议室、流畅的动线设计，并支持重大测量和资料下载等功能。
虎ノ門ヒルズ作为一个集商业设施、酒店、办公室于一体的复合设施，近年来因东京地下铁日比谷线的开通而受到关注，成为连接东京与世界的重要商务中心。虎ノ門ヒルズフォーラム是一个位于东京港区的多功能会议和论坛场所，通过多个地铁站提供便捷的交通接入方式，同时也是一个集多种城市功能于一体的现代化商务中心。
",['虎ノ門ヒルズフォーラムは、虎ノ門ヒルズ森タワー内に位置するイベント施設で、2014年5月に竣工しました。このフォーラムは、3つのホールと4つのミーティングルームから構成されており、590m²のメインホールと合計6つの会議室が利用可能です。メインホールは最大720名を収容し、各ホールは異なる形式のイベントに対応できます。装備されている設備には、360インチスクリーンや電動バトンなどがあり、多種多様なイベントに対応しています。\n\n主な情報:\n\n名称: 虎ノ門ヒルズフォーラム\n所在地: 東京都港区虎ノ門1-23-1\n最寄り駅: 東京メトロ銀座線「虎ノ門駅」、東京メトロ日比谷線「神谷町駅」\n収容人数: メインホール最大720名、ホールA最大792名、ホールB最大460名\n利用時間: 9:00～21:00'],['590m²'],False
{},腾訊的天使投資者叫什麼名字？,"腾讯的天使投资者名字是曾李青。
",['腾讯的天使投资商包括刘晓松、IDGVC（後更名為IDG資本）、香港盈科數碼和南非的MIH。此外，曾李青也是腾讯的天使投资人之一，他在離開腾讯後成立了德迅投资。'],['劉曉松||IDG||香港盈科||MIH'],False
{},华为2023年营收情况？,"华为在2023年的全球销售收入达到了7042亿元人民币，净利润为870亿元人民币。这一业绩相比2022年有所增长，其中销售收入同比增长了9.6%。此外，华为在2023年的研发投入达到了1647亿元人民币，占销售收入的比例为23.4%，十年累计投入的研发费用超过11100亿人民币。这表明华为在保持稳健的经营状况的同时，也持续加大在研发上的投入，以支持其长期的技术创新和业务发展。
","['華為2023年的主要財務數據如下:\n全年實現營業收入7042億元人民幣,同比增長9.63%。\n實現淨利潤870億元人民幣,同比大增144.38%。\nICT基礎設施業務實現銷售收入3620億元,同比增長2.3%。\n終端業務實現銷售收入2515億元,同比增長17.3%。\n雲計算業務實現銷售收入553億元,同比增長21.9%。\n數字能源業務實現銷售收入526億元,同比增長3.5%。\n智能汽車解決方案業務實現銷售收入47億元,同比增長128.1%']","['7042||7', '042']",True
{},光通信社の強みを三つ教えてください。,"光通信社的优势主要体现在以下几个方面：


更高的带宽：光通信技术相比传统电信网络，具有更高的带宽。这是因为光波的波长更短，能够在相同的频段内传输更多的信息。这一点在多个证据中得到了强调，如光纤通信技术的传输速度非常快，通常可以达到数百兆甚至数千兆每秒，远远超过了其他传统的通信技术。


更远的传输距离：光通信技术能够在更远的距离内进行传输，这得益于光在介质中传播时衰减更小。光纤的衰减很小，允许信号在无中继的情况下传输更远的距离。这种长距离传输的能力，使得光通信特别适合于需要长距离、高速度通信的应用场景。


更高的安全性：光通信技术提供了更高的安全性。这是因为光信号不会像电信号那样容易受到干扰或窃听。此外，光纤通信还具有良好的保密性能，这对于保护敏感数据和信息的安全至关重要。


光通信社的优势主要包括更高的带宽、更远的传输距离以及更高的安全性，这些特点使得光通信技术在现代通信领域中占有重要地位，并且随着技术的发展，其应用范围和潜力仍在不断扩大。
",['販売力と顧客基盤: 光通信社の強みは「販売力」であり、その裏には強力な「顧客基盤」「販売網」があります。特に、光通信社は「法人90万社、個人120万人の基盤がある。特に中小企業が多い」という強固な顧客基盤を持っています。\n業績の強さ: 光通信社の業績は絶好調で、前2017年3月期は営業利益が10％増の415億円となり、今2018年3月期も同11％増の465億円と2ケタ成長を着実に達成しそうだ。\n投資戦略: 光通信社は長期的な収益力のある会社に株価が割安な段階から戦略的に投資しているように見えます。これにより、光通信社はその投資先にも注目できそうです。'],['90'],False
